time,x,y,v,w,yaw
0.0,-4.5,0.0,0.0,0.0,0.0
0.0,-4.5,0.0,0.0,0.0,0.0
0.0,-4.5,0.0,0.0,0.0,0.0
0.0,-4.5,0.0,0.0,0.0,0.0
0.0,-4.5,0.0,0.0,0.0,0.0
0.0,-4.5,0.0,4.74937e-05,0.0,0.0
0.0,-4.5,0.0,0.0,0.0,0.0
0.0,-4.5,0.0,0.0,0.0,0.0
0.0,-4.5,0.0,0.0,0.0,0.0
0.0,-4.5,0.0,0.0,0.0,0.0
0.0,-4.5,0.0,0.0,0.0,0.0
0.0,-4.5,0.0,0.0,0.0,0.0
0.0,-4.5,0.0,0.0,0.0,0.0
0.0,-4.5,0.0,0.0,0.0,0.0
0.0,-4.5,0.0,0.0,0.0,0.0
0.0,-4.5,0.0,0.0,0.0,0.0
0.0,-4.5,0.0,0.0,0.0,0.0
0.0,-4.5,0.0,0.0,0.0,0.0
0.0,-4.5,0.0,0.0,0.0,0.0
0.0,-4.5,0.0,0.0,0.0,0.0
0.0,-4.5,0.0,0.0,0.0,0.0
0.0,-4.5,0.0,0.0,0.0,0.0
0.0,-4.5,0.0,4.80102e-05,0.0,0.0
0.0,-4.5,0.0,0.0,0.0,0.0
0.0,-4.5,0.0,0.0,0.0,0.0
0.0,-4.5,0.0,0.0,0.0,0.0
0.0,-4.5,0.0,0.0,0.0,0.0
0.0,-4.5,0.0,0.0,0.0,0.0
0.0,-4.5,0.0,0.0,0.0,0.0
0.0,-4.5,0.0,0.0,0.0,0.0
0.0,-4.5,0.0,0.0,0.0,0.0
0.0,-4.5,0.0,0.0,0.0,0.0
0.0,-4.5,0.0,0.0,0.0,0.0
0.0,-4.5,0.0,0.0,0.0,0.0
0.0,-4.5,0.0,0.0,0.0,0.0
0.0,-4.5,0.0,0.0,0.0,0.0
0.0,-4.5,0.0,0.0,0.0,0.0
0.0,-4.5,0.0,0.0,0.0,0.0
0.0,-4.5,0.0,0.0,0.0,0.0
0.0,-4.5,0.0,0.0,0.0,0.0
0.0,-4.5,0.0,0.0,0.0,0.0
0.0,-4.5,0.0,0.0,0.0,0.0
0.0,-4.5,0.0,0.0,0.0,0.0
0.0,-4.5,0.0,0.0,0.0,0.0
0.0,-4.5,0.0,0.0,0.0,0.0
0.0,-4.5,0.0,0.0,0.0,0.0
0.0,-4.5,0.0,0.0,0.0,0.0
0.0,-4.5,0.0,0.0,0.0,0.0
0.0,-4.5,0.0,0.0,0.0,0.0
0.0,-4.5,0.0,0.0,0.0,0.0
0.0,-4.5,0.0,0.0,0.0,0.0
0.0,-4.5,0.0,0.0,0.0,0.0
0.0,-4.5,0.0,0.0,0.0,0.0
0.0,-4.5,0.0,0.0,0.0,0.0
0.0,-4.5,0.0,0.0,0.0,0.0
0.0,-4.5,0.0,4.76218e-05,0.0,0.0
0.0,-4.5,0.0,0.0,0.0,0.0
0.0,-4.5,0.0,0.0,0.0,0.0
0.0,-4.5,0.0,0.0,0.0,0.0
0.0,-4.5,0.0,0.0,0.0,0.0
0.0,-4.5,0.0,0.0,0.0,0.0
0.0,-4.5,0.0,0.0,0.0,0.0
0.0,-4.5,0.0,0.0,0.0,0.0
0.0,-4.5,0.0,0.0,0.0,0.0
0.0,-4.5,0.0,0.0,0.0,0.0
0.0,-4.5,0.0,0.0,0.0,0.0
0.0,-4.5,0.0,0.0,0.0,0.0
0.0,-4.5,0.0,0.0,0.0,0.0
0.0,-4.5,0.0,0.0,0.0,0.0
0.0,-4.5,0.0,0.0,0.0,0.0
0.0,-4.5,0.0,0.0,0.0,0.0
0.0,-4.5,0.0,0.0,0.0,0.0
0.0,-4.5,0.0,0.0,0.0,0.0
0.0,-4.5,0.0,0.0,0.0,0.0
0.0,-4.5,0.0,0.0,0.0,0.0
0.0,-4.5,0.0,0.0,0.0,0.0
0.0,-4.5,0.0,4.71416e-05,0.0,0.0
0.0,-4.5,0.0,0.0,0.0,0.0
0.0,-4.5,0.0,0.0,0.0,0.0
0.0,-4.5,0.0,0.0,0.0,0.0
0.0,-4.5,0.0,0.0,0.0,0.0
0.0,-4.5,0.0,0.0,0.0,0.0
0.0,-4.5,0.0,0.0,0.0,0.0
0.0,-4.5,0.0,0.0,0.0,0.0
0.0,-4.5,0.0,0.0,0.0,0.0
0.0,-4.5,0.0,0.0,0.0,0.0
0.0,-4.5,0.0,0.0,0.0,0.0
0.0,-4.5,0.0,0.0,0.0,0.0
0.0,-4.5,0.0,0.0,0.0,0.0
0.0,-4.5,0.0,0.0,0.0,0.0
0.0,-4.5,0.0,0.0,0.0,0.0
0.0,-4.5,0.0,0.0,0.0,0.0
0.0,-4.5,0.0,0.0,0.0,0.0
0.0,-4.5,0.0,0.0,0.0,0.0
0.0,-4.5,0.0,0.0,0.0,0.0
0.0,-4.5,0.0,0.0,0.0,0.0
0.0,-4.5,0.0,0.0,0.0,0.0
0.0,-4.5,0.0,0.0,0.0,0.0
0.0,-4.5,0.0,0.0,0.0,0.0
0.0,-4.5,0.0,0.0,0.0,0.0
0.0,-4.5,0.0,0.0,0.0,0.0
0.0,-4.5,0.0,0.0,0.0,0.0
0.0,-4.5,0.0,0.0,0.0,0.0
0.0,-4.5,0.0,0.0,0.0,0.0
0.0,-4.5,0.0,0.0,0.0,0.0
0.0,-4.5,0.0,0.0,0.0,0.0
0.0,-4.5,0.0,0.0,0.0,0.0
0.0,-4.5,0.0,0.0,0.0,0.0
0.0,-4.5,0.0,0.0,0.0,0.0
0.0,-4.5,0.0,0.0,0.0,0.0
0.0,-4.5,0.0,0.0,0.0,0.0
0.0,-4.5,0.0,0.0,0.0,0.0
0.0,-4.5,0.0,0.0,0.0,0.0
0.0,-4.5,0.0,0.0,0.0,0.0
0.0,-4.5,0.0,0.0,0.0,0.0
0.0,-4.5,0.0,0.0,0.0,0.0
0.0,-4.5,0.0,0.0,0.0,0.0
0.0,-4.5,0.0,0.0,0.0,0.0
0.0,-4.5,0.0,0.0,0.0,0.0
0.0,-4.5,0.0,0.0,0.0,0.0
0.0,-4.5,0.0,0.0,0.0,0.0
0.0,-4.5,0.0,0.0,0.0,0.0
0.0,-4.5,0.0,4.78128e-05,0.0,0.0
0.0,-4.5,0.0,0.0,0.0,0.0
0.0,-4.5,0.0,0.0,0.0,0.0
0.0,-4.5,0.0,4.80102e-05,0.0,0.0
0.0,-4.5,0.0,0.0,0.0,0.0
0.0,-4.5,0.0,0.0,0.0,0.0
0.0,-4.5,0.0,0.0,0.0,0.0
0.0,-4.5,0.0,0.0,0.0,0.0
0.0,-4.5,0.0,0.0,0.0,0.0
0.0,-4.5,0.0,0.0,0.0,0.0
0.0,-4.5,0.0,0.0,0.0,0.0
0.0,-4.5,0.0,4.72865e-05,0.0,0.0
0.0,-4.5,0.0,4.75411e-05,0.0,0.0
0.0,-4.5,0.0,0.0,0.0,0.0
0.0,-4.5,0.0,0.0,0.0,0.0
0.0,-4.5,0.0,0.0,0.0,0.0
0.0,-4.5,0.0,4.72865e-05,0.0,0.0
0.0,-4.5,0.0,0.0,0.0,0.0
0.0,-4.5,0.0,0.0,0.0,0.0
0.0,-4.5,0.0,0.0,0.0,0.0
0.0,-4.5,0.0,0.0,0.0,0.0
0.0,-4.5,0.0,0.0,0.0,0.0
0.0,-4.5,0.0,4.71276e-05,0.0,0.0
0.0,-4.5,0.0,0.0,0.0,0.0
0.0,-4.5,0.0,0.0,0.0,0.0
0.0,-4.5,0.0,4.8258e-05,0.0,0.0
0.0,-4.5,0.0,0.0,0.0,0.0
0.0,-4.5,0.0,0.0,0.0,0.0
0.0,-4.5,0.0,0.0,0.0,0.0
0.0,-4.5,0.0,0.0,0.0,0.0
0.0,-4.5,0.0,0.0,0.0,0.0
0.0,-4.5,0.0,0.0,0.0,0.0
0.0,-4.5,0.0,0.0,0.0,0.0
0.0,-4.5,0.0,0.0,0.0,0.0
0.0,-4.5,0.0,0.0,0.0,0.0
0.0,-4.5,0.0,0.0,0.0,0.0
0.0,-4.5,0.0,0.0,0.0,0.0
0.0,-4.5,0.0,4.81119e-05,0.0,0.0
0.0,-4.5,0.0,0.0,0.0,0.0
0.0,-4.5,0.0,0.0,0.0,0.0
0.0,-4.5,0.0,0.0,0.0,0.0
0.0,-4.5,0.0,0.0,0.0,0.0
0.0,-4.5,0.0,0.0,0.0,0.0
0.0,-4.5,0.0,0.0,0.0,0.0
0.0,-4.5,0.0,0.0,0.0,0.0
0.0,-4.5,0.0,0.0,0.0,0.0
0.0,-4.5,0.0,0.0,0.0,0.0
0.0,-4.5,0.0,0.0,0.0,0.0
0.0,-4.5,0.0,0.0,0.0,0.0
0.0,-4.5,0.0,0.0,0.0,0.0
0.0,-4.5,0.0,0.0,0.0,0.0
0.0,-4.5,0.0,0.0,0.0,0.0
0.0,-4.5,0.0,0.0,0.0,0.0
0.0,-4.5,0.0,0.0,0.0,0.0
0.0,-4.5,0.0,0.0,0.0,0.0
0.0,-4.5,0.0,0.0,0.0,0.0
0.0,-4.5,0.0,0.0,0.0,0.0
0.0,-4.5,0.0,0.0,0.0,0.0
0.0,-4.5,0.0,0.0,0.0,0.0
0.0,-4.5,0.0,0.0,0.0,0.0
0.0,-4.5,0.0,0.0,0.0,0.0
0.0,-4.5,0.0,4.71276e-05,0.0,0.0
0.0,-4.5,0.0,4.77076e-05,0.0,0.0
0.0,-4.5,0.0,0.0,0.0,0.0
0.0,-4.5,0.0,0.0,0.0,0.0
0.0,-4.5,0.0,0.0,0.0,0.0
0.0,-4.5,0.0,0.0,0.0,0.0
0.0,-4.5,0.0,0.0,0.0,0.0
0.0,-4.5,0.0,0.0,0.0,0.0
0.0,-4.5,0.0,0.0,0.0,0.0
0.0,-4.5,0.0,4.81459e-05,0.0,0.0
0.0,-4.5,0.0,0.0,0.0,0.0
0.0,-4.5,0.0,0.0,0.0,0.0
0.0,-4.5,0.0,0.0,0.0,0.0
0.0,-4.5,0.0,0.0,0.0,0.0
0.0,-4.5,0.0,0.0,0.0,0.0
0.0,-4.5,0.0,0.0,0.0,0.0
0.0,-4.5,0.0,0.0,0.0,0.0
0.0,-4.5,0.0,0.0,0.0,0.0
0.0,-4.5,0.0,4.75458e-05,0.0,0.0
0.0,-4.5,0.0,0.0,0.0,0.0
0.0,-4.5,0.0,0.0,0.0,0.0
0.0,-4.5,0.0,0.0,0.0,0.0
0.0,-4.5,0.0,0.0,0.0,0.0
0.0,-4.5,0.0,0.0,0.0,0.0
0.0,-4.5,0.0,4.77028e-05,0.0,0.0
0.0,-4.5,0.0,0.0,0.0,0.0
0.0,-4.5,0.0,0.0,0.0,0.0
0.0,-4.5,0.0,0.0,0.0,0.0
0.0,-4.5,0.0,0.0,0.0,0.0
0.0,-4.5,0.0,0.0,0.0,0.0
0.0,-4.5,0.0,0.0,0.0,0.0
0.0,-4.5,0.0,0.0,0.0,0.0
0.0,-4.5,0.0,0.0,0.0,0.0
0.0,-4.5,0.0,0.0,0.0,0.0
0.0,-4.5,0.0,0.0,0.0,0.0
0.0,-4.5,0.0,0.0,0.0,0.0
0.0,-4.5,0.0,0.0,0.0,0.0
0.0,-4.5,0.0,0.0,0.0,0.0
0.0,-4.5,0.0,0.0,0.0,0.0
0.0,-4.5,0.0,0.0,0.0,0.0
0.0,-4.5,0.0,0.0,0.0,0.0
0.0,-4.5,0.0,0.0,0.0,0.0
0.0,-4.5,0.0,0.0,0.0,0.0
0.0,-4.5,0.0,0.0,0.0,0.0
0.0,-4.5,0.0,0.0,0.0,0.0
0.0,-4.5,0.0,0.0,0.0,0.0
0.0,-4.5,0.0,0.0,0.0,0.0
0.0,-4.5,0.0,0.0,0.0,0.0
0.0,-4.5,0.0,0.0,0.0,0.0
0.0,-4.5,0.0,4.79474e-05,0.0,0.0
0.0,-4.5,0.0,0.0,0.0,0.0
0.0,-4.5,0.0,4.77793e-05,0.0,0.0
0.0,-4.5,0.0,0.0,0.0,0.0
0.0,-4.5,0.0,0.0,0.0,0.0
0.0,-4.5,0.0,0.0,0.0,0.0
0.0,-4.5,0.0,0.0,0.0,0.0
0.0,-4.5,0.0,0.0,0.0,0.0
0.0,-4.5,0.0,0.0,0.0,0.0
0.0,-4.5,0.0,0.0,0.0,0.0
0.0,-4.5,0.0,0.0,0.0,0.0
0.0,-4.5,0.0,4.74654e-05,0.0,0.0
0.0,-4.5,0.0,0.0,0.0,0.0
0.0,-4.5,0.0,0.0,0.0,0.0
0.0,-4.5,0.0,0.0,0.0,0.0
0.0,-4.5,0.0,0.0,0.0,0.0
0.0,-4.5,0.0,0.0,0.0,0.0
0.0,-4.5,0.0,0.0,0.0,0.0
0.0,-4.5,0.0,0.0,0.0,0.0
0.0,-4.5,0.0,0.0,0.0,0.0
0.0,-4.5,0.0,0.0,0.0,0.0
0.0,-4.5,0.0,0.0,0.0,0.0
0.0,-4.5,0.0,0.0,0.0,0.0
0.0,-4.5,0.0,0.0,0.0,0.0
0.0,-4.5,0.0,0.0,0.0,0.0
0.0,-4.5,0.0,0.0,0.0,0.0
0.0,-4.5,0.0,0.0,0.0,0.0
0.0,-4.5,0.0,0.0,0.0,0.0
0.0,-4.5,0.0,0.0,0.0,0.0
0.0,-4.5,0.0,0.0,0.0,0.0
0.0,-4.5,0.0,0.0,0.0,0.0
0.0,-4.5,0.0,0.0,0.0,0.0
0.0,-4.5,0.0,0.0,0.0,0.0
0.0,-4.5,0.0,0.0,0.0,0.0
0.0,-4.5,0.0,0.0,0.0,0.0
0.0,-4.5,0.0,0.0,0.0,0.0
0.0,-4.5,0.0,0.0,0.0,0.0
0.0,-4.5,0.0,0.0,0.0,0.0
0.0,-4.5,0.0,0.0,0.0,0.0
0.0,-4.5,0.0,0.0,0.0,0.0
0.0,-4.5,0.0,4.74606e-05,0.0,0.0
0.0,-4.5,0.0,0.0,0.0,0.0
0.0,-4.5,0.0,0.0,0.0,0.0
0.0,-4.5,0.0,4.81119e-05,0.0,0.0
0.0,-4.5,0.0,0.0,0.0,0.0
0.0,-4.5,0.0,0.0,0.0,0.0
0.0,-4.5,0.0,0.0,0.0,0.0
0.0,-4.5,0.0,0.0,0.0,0.0
0.0,-4.5,0.0,0.0,0.0,0.0
0.0,-4.5,0.0,0.0,0.0,0.0
0.0,-4.5,0.0,0.0,0.0,0.0
0.0,-4.5,0.0,0.0,0.0,0.0
0.0,-4.5,0.0,0.0,0.0,0.0
0.0,-4.5,0.0,4.75411e-05,0.0,0.0
0.0,-4.5,0.0,0.0,0.0,0.0
0.0,-4.5,0.0,0.0,0.0,0.0
0.0,-4.5,0.0,0.0,0.0,0.0
0.0,-4.5,0.0,0.0,0.0,0.0
0.0,-4.5,0.0,0.0,0.0,0.0
0.0,-4.5,0.0,0.0,0.0,0.0
0.0,-4.5,0.0,0.0,0.0,0.0
0.0,-4.5,0.0,0.0,0.0,0.0
0.0,-4.5,0.0,0.0,0.0,0.0
0.0,-4.5,0.0,0.0,0.0,0.0
0.0,-4.5,0.0,0.0,0.0,0.0
0.0,-4.5,0.0,0.0,0.0,0.0
0.0,-4.5,0.0,0.0,0.0,0.0
0.0,-4.5,0.0,0.0,0.0,0.0
0.0,-4.5,0.0,4.77841e-05,0.0,0.0
0.0,-4.5,0.0,0.0,0.0,0.0
0.0,-4.5,0.0,0.0,0.0,0.0
0.0,-4.5,0.0,0.0,0.0,0.0
0.0,-4.5,0.0,4.77076e-05,0.0,0.0
0.0,-4.5,0.0,0.0,0.0,0.0
0.0,-4.5,0.0,0.0,0.0,0.0
0.0,-4.5,0.0,0.0,0.0,0.0
0.0,-4.5,0.0,0.0,0.0,0.0
0.0,-4.5,0.0,0.0,0.0,0.0
0.0,-4.5,0.0,0.0,0.0,0.0
0.0,-4.5,0.0,0.0,0.0,0.0
0.0,-4.5,0.0,0.0,0.0,0.0
0.0,-4.5,0.0,0.0,0.0,0.0
0.0,-4.5,0.0,0.0,0.0,0.0
0.0,-4.5,0.0,4.77028e-05,0.0,0.0
0.0,-4.5,0.0,0.0,0.0,0.0
0.0,-4.5,0.0,4.74323e-05,0.0,0.0
0.0,-4.5,0.0,0.0,0.0,0.0
0.0,-4.5,0.0,0.0,0.0,0.0
0.0,-4.5,0.0,0.0,0.0,0.0
0.0,-4.5,0.0,4.73805e-05,0.0,0.0
0.0,-4.5,0.0,0.0,0.0,0.0
0.0,-4.5,0.0,0.0,0.0,0.0
0.0,-4.5,0.0,0.0,0.0,0.0
0.0,-4.5,0.0,0.0,0.0,0.0
0.0,-4.5,0.0,0.0,0.0,0.0
0.0,-4.5,0.0,0.0,0.0,0.0
0.0,-4.5,0.0,0.0,0.0,0.0
0.0,-4.5,0.0,0.0,0.0,0.0
0.0,-4.5,0.0,0.0,0.0,0.0
0.0,-4.5,0.0,0.0,0.0,0.0
0.0,-4.5,0.0,0.0,0.0,0.0
0.0,-4.5,0.0,0.0,0.0,0.0
0.0,-4.5,0.0,0.0,0.0,0.0
0.0,-4.5,0.0,0.0,0.0,0.0
0.0,-4.5,0.0,0.0,0.0,0.0
0.0,-4.5,0.0,0.0,0.0,0.0
0.0,-4.5,0.0,0.0,0.0,0.0
0.0,-4.5,0.0,0.0,0.0,0.0
0.0,-4.5,0.0,4.77076e-05,0.0,0.0
0.0,-4.5,0.0,0.0,0.0,0.0
0.0,-4.5,0.0,4.83265e-05,0.0,0.0
0.0,-4.5,0.0,0.0,0.0,0.0
0.0,-4.5,0.0,0.0,0.0,0.0
0.0,-4.5,0.0,0.0,0.0,0.0
0.0,-4.5,0.0,0.0,0.0,0.0
0.0,-4.5,0.0,0.0,0.0,0.0
0.0,-4.5,0.0,0.0,0.0,0.0
0.0,-4.5,0.0,0.0,0.0,0.0
0.0,-4.5,0.0,0.0,0.0,0.0
0.0,-4.5,0.0,0.0,0.0,0.0
0.0,-4.5,0.0,0.0,0.0,0.0
0.0,-4.5,0.0,0.0,0.0,0.0
0.0,-4.5,0.0,0.0,0.0,0.0
0.0,-4.5,0.0,0.0,0.0,0.0
0.0,-4.5,0.0,0.0,0.0,0.0
0.0,-4.5,0.0,0.0,0.0,0.0
0.0,-4.5,0.0,0.0,0.0,0.0
0.0,-4.5,0.0,0.0,0.0,0.0
0.0,-4.5,0.0,0.0,0.0,0.0
0.0,-4.5,0.0,0.0,0.0,0.0
0.0,-4.5,0.0,0.0,0.0,0.0
0.0,-4.5,0.0,0.0,0.0,0.0
0.0,-4.5,0.0,0.0,0.0,0.0
0.0,-4.5,0.0,4.73334e-05,0.0,0.0
0.0,-4.5,0.0,0.0,0.0,0.0
0.0,-4.5,0.0,0.0,0.0,0.0
0.0,-4.5,0.0,0.0,0.0,0.0
0.0,-4.5,0.0,0.0,0.0,0.0
0.0,-4.5,0.0,0.0,0.0,0.0
0.0,-4.5,0.0,0.0,0.0,0.0
0.0,-4.5,0.0,0.0,0.0,0.0
0.0,-4.5,0.0,0.0,0.0,0.0
0.0,-4.5,0.0,0.0,0.0,0.0
0.0,-4.5,0.0,4.77028e-05,0.0,0.0
0.0,-4.5,0.0,0.0,0.0,0.0
0.0,-4.5,0.0,0.0,0.0,0.0
0.0,-4.5,0.0,0.0,0.0,0.0
0.0,-4.5,0.0,0.0,0.0,0.0
0.0,-4.5,0.0,0.0,0.0,0.0
0.4,-4.49024,-4.19183e-08,0.054903900000522504,-6.854524999821976e-06,-2.74181e-06
0.7,-4.46746,4.18578e-07,0.16148100001806934,7.887669999965635e-05,2.09212e-05
1.1,-4.40825,2.14468e-06,0.40404900011681566,-0.00010877849999979535,-2.25902e-05
1.4,-4.33999,-9.90671e-06,0.642482003020059,-0.001010496000000139,-0.000325739
1.8,-4.23046,-0.000115495,0.9409851931661974,-0.002811852499999822,-0.00145048
2.1,-4.13529,-0.000292218,1.1506908171738617,-0.0021058333333338433,-0.00208223
2.5,-4.01037,-0.000560503,1.3056317682250476,-6.020000000050986e-05,-0.00210631
2.8,-3.91038,-0.000769768,1.4191423350514776,2.5633333332978732e-05,-0.00209862
3.2,-3.77038,-0.00109206,1.5286231802090189,-0.0011177500000003604,-0.00254572
3.5,-3.67038,-0.00137141,1.5631041337960554,-0.001506999999999852,-0.00299782
3.9,-3.51038,-0.00188841,1.7400765373112899,-0.0010555999999994905,-0.00342006
4.2,-3.43038,-0.00217464,1.6072970662098034,-0.0008181666666666007,-0.00366551
4.6,-3.29038,-0.00268702,1.6629188305569447,5.900000000003133e-05,-0.00364191
4.9,-3.19038,-0.00303778,1.6745493312287556,0.0006910333333332003,-0.0034346
5.3,-3.07038,-0.00339091,1.6160381502127363,0.0019368500000005477,-0.00265986
5.6,-2.97038,-0.00362186,1.6365168050797103,0.0016884000000002204,-0.00215334
6.0,-2.85039,-0.00385437,1.580105000703627,0.0007990000000002154,-0.00183374
6.4,-2.71039,-0.00409832,1.6537239281052063,0.000352875000000363,-0.00169259
6.7,-2.63039,-0.00422929,1.5490231895426134,0.000259866666666812,-0.00161463
7.1,-2.49039,-0.0044492,1.6283227239665041,0.000157800000000208,-0.00155151
7.4,-2.39039,-0.00460282,1.6509824755307736,6.756666666607442e-05,-0.00153124
7.79999,-2.27039,-0.00478376,1.60242216753208,8.165204130107675e-05,-0.00149858
8.09999,-2.17039,-0.00493128,1.6273320514723728,0.00013133333333303917,-0.00145918
8.5,-2.03039,-0.0051291,1.692921934561326,0.0001928201794960198,-0.00138205
8.8,-1.91039,-0.00528946,1.7919318778272906,0.00026779999999929945,-0.00130171
9.2,-1.75039,-0.00548683,1.8761717172822803,0.00030517500000049155,-0.00117964
9.5,-1.63039,-0.00562188,1.9161815585407356,0.00030916666666621186,-0.00108689
9.9,-1.4704,-0.00578519,1.9491013285361842,0.0002902724999997994,-0.000970781
10.2,-1.35437,-0.00589276,1.943081154071393,0.00024001000000032813,-0.000898778
10.6,-1.21456,-0.00601351,1.8610209367501922,0.0001458825000000273,-0.000840425
10.9,-1.11815,-0.00609308,1.7781408046357183,8.165666666689219e-05,-0.000815928
11.3,-0.998795,-0.00618928,1.6601906699930313,3.9487499999824004e-05,-0.000800133
11.6,-0.915349,-0.00625581,1.5725305945314565,1.4703333333088206e-05,-0.000795722
12.0,-0.811402,-0.00633851,1.4594805186296773,-8.949999996676885e-07,-0.00079608
12.4,-0.715114,-0.00641532,1.3549304631500798,-8.49249999990142e-06,-0.000799477
12.7,-0.647556,-0.00646947,1.2802204301062172,-1.2120000000652023e-05,-0.000803113
13.1,-0.563247,-0.00653744,1.1874603942945339,-1.3559999999523941e-05,-0.000808537
13.4,-0.504074,-0.00658538,1.1219503713820933,-1.0333333332705265e-05,-0.000811637
13.8,-0.430223,-0.00664549,1.0399303443288823,-1.0132500000148417e-05,-0.00081569
14.1,-0.387023,-0.0066808,0.932277309380615,-9.733333333391212e-06,-0.00081861
14.5,-0.326521,-0.00673042,0.8623092875952382,-7.005000000059874e-06,-0.000821412
14.8,-0.293622,-0.00675749,0.7606412545262471,-6.556666667378848e-06,-0.000823379
15.2,-0.237909,-0.00680343,0.732904246790066,-5.214999999614297e-06,-0.000825465
15.5,-0.200084,-0.00683468,0.7035952378748345,-3.179999999621441e-06,-0.000826419
15.9,-0.157367,-0.00687002,0.6388262168847463,-3.4250000002788964e-06,-0.000827789
16.2,-0.123898,-0.00689774,0.6144392092355887,-3.3799999998862636e-06,-0.000828803
16.6,-0.0858401,-0.00692932,0.5571911904155149,-3.427500000485732e-06,-0.000830174
16.9,-0.0554006,-0.0069546,0.5400991851374679,-3.3766666662771494e-06,-0.000831187
17.3,-0.0215349,-0.00698275,0.48866416793197054,0.0,-0.000831187
17.6,0.00525317,-0.00700501,0.4716721623671771,0.0,-0.000831187
18.0,0.0408892,-0.00703463,0.4613761590445634,0.0,-0.000831187
18.3,0.0597437,-0.0070503,0.413765142686589,0.0,-0.000831187
18.7,0.0913283,-0.00707655,0.40503213971952967,0.0,-0.000831187
19.0,0.112628,-0.00709426,0.39094013492150126,0.0,-0.000831187
19.4,0.1366,-0.00711418,0.3565071230389599,0.0,-0.000831187
19.7,0.155355,-0.00712977,0.34309411845939775,0.0,-0.000831187
20.1,0.180197,-0.00715041,0.3322471147497571,0.0,-0.000831187
20.4,0.196471,-0.00716394,0.31203510774615967,0.0,-0.000831187
20.8,0.217925,-0.00718177,0.2957191021662521,0.0,-0.000831187
21.1,0.234812,-0.00719581,0.290910100461148,0.0,-0.000831187
21.5,0.255318,-0.00721285,0.27648609549939324,0.0,-0.000831187
21.8,0.269514,-0.00722465,0.26351309098064696,0.0,-0.000831187
22.2,0.287121,-0.00723928,0.24560608485482177,0.0,-0.000831187
22.5,0.299443,-0.00724952,0.23248808029223433,0.0,-0.000831187
22.9001,0.314797,-0.00726228,0.21583107450098307,0.0,-0.000831187
23.2001,0.325568,-0.00727123,0.20401207045217987,0.0,-0.000831187
23.6001,0.339007,-0.00728241,0.1892300653422958,0.0,-0.000831187
24.0001,0.351465,-0.00729276,0.1753180605619191,0.0,-0.000831187
24.3001,0.36021,-0.00730003,0.16578505727029683,0.0,-0.000831187
24.7001,0.369772,-0.00730798,0.14578005035145436,0.0,-0.000831187
25.0001,0.377775,-0.00731463,0.14166404893227155,0.0,-0.000831187
25.4001,0.386384,-0.00732178,0.12627204361834024,0.0,-0.000831187
25.7001,0.393503,-0.0073277,0.1237090427490583,0.0,-0.000831187
26.1001,0.40217,-0.0073349,0.11727704048282891,0.0,-0.000831187
26.4001,0.406302,-0.00733834,0.10165703514808307,0.0,-0.000831187
26.8001,0.414304,-0.00734499,0.10078003483262271,0.0,-0.000831187
27.2001,0.421453,-0.00735093,0.09599353317875893,0.0,-0.000831187
27.5001,0.426396,-0.00735504,0.09154773161275588,0.0,-0.000831187
27.9001,0.432525,-0.00736014,0.08539802951798019,0.0,-0.000831187
28.2001,0.436097,-0.00736311,0.07665032647781768,0.0,-0.000831187
28.6001,0.441093,-0.00736726,0.07101042456336143,0.0,-0.000831187
28.9001,0.443807,-0.00736952,0.06265882165783065,0.0,-0.000831187
29.3001,0.448403,-0.00737334,0.06040912088321591,0.0,-0.000831187
29.7001,0.452576,-0.00737681,0.05645171950749104,0.0,-0.000831187
30.0001,0.455449,-0.0073792,0.05359461853683124,0.0,-0.000831187
30.4001,0.459659,-0.0073827,0.05308841833640274,0.0,-0.000831187
30.7001,0.462039,-0.00738468,0.048488416757173504,0.0,-0.000831187
31.1001,0.465696,-0.00738771,0.04727621630500268,0.0,-0.000831187
31.4001,0.467413,-0.00738914,0.04123071424678331,0.0,-0.000831187
31.8001,0.470346,-0.00739158,0.039298113585888576,0.0,-0.000831187
32.1001,0.472347,-0.00739324,0.03757741299808668,0.0,-0.000831187
32.5001,0.47492,-0.00739538,0.035182412158621244,0.0,-0.000831187
32.8001,0.476648,-0.00739682,0.03320331147871252,0.0,-0.000831187
33.2001,0.478636,-0.00739847,0.029766510280315378,0.0,-0.000831187
33.5001,0.480234,-0.0073998,0.02870040988906178,0.0,-0.000831187
33.9001,0.482017,-0.00740128,0.025883408938273806,0.0,-0.000831187
34.2001,0.483429,-0.00740245,0.024952208633483682,0.0,-0.000831187
34.6,0.48531,-0.00740402,0.024389308413414825,0.0,-0.000831187
35.0,0.486804,-0.00740526,0.022237307663738243,0.0,-0.000831187
35.3,0.487973,-0.00740623,0.021394207386184274,0.0,-0.000831187
35.7,0.489302,-0.00740733,0.01940560673644337,0.0,-0.000831187
36.0,0.490365,-0.00740822,0.018831606504045046,0.0,-0.000831187
36.4,0.491546,-0.0074092,0.017042605883644965,0.0,-0.000831187
36.7,0.492667,-0.00741013,0.01755160607470917,0.0,-0.000831187
37.1,0.493859,-0.00741112,0.01649880573133263,0.0,-0.000831187
37.4,0.49466,-0.00741179,0.015618705408682348,0.0,-0.000831187
37.8,0.495833,-0.00741277,0.015205605251232074,0.0,-0.000831187
38.1,0.496525,-0.00741334,0.014092904874815385,0.0,-0.000831187
38.5,0.497544,-0.00741419,0.013519704668943358,0.0,-0.000831187
38.8,0.498246,-0.00741477,0.012928404452130917,0.0,-0.000831187
39.2,0.499115,-0.0074155,0.012078604206466916,0.0,-0.000831187
39.5,0.499623,-0.00741592,0.010814703729829529,0.0,-0.000831187
39.9,0.500322,-0.0074165,0.009957983458667533,0.0,-0.000831187
40.2,0.500807,-0.0074169,0.00940454326907682,0.0,-0.000831187
40.6,0.501435,-0.00741743,0.00872889299008136,0.0,-0.000831187
40.8999,0.501859,-0.00741778,0.008208812846661074,0.0,-0.000831187
41.2999,0.502348,-0.00741819,0.007347702535256758,0.0,-0.000831187
41.6999,0.502891,-0.00741864,0.007130852453785,0.0,-0.000831187
41.9999,0.50318,-0.00741888,0.006378712199753835,0.0,-0.000831187
42.3999,0.503542,-0.00741918,0.005585321949732973,0.0,-0.000831187
42.6999,0.503893,-0.00741947,0.005703341981356734,0.0,-0.000831187
43.0999,0.504105,-0.00741965,0.004583131598635091,0.0,-0.000831187
43.3999,0.504313,-0.00741982,0.004247251476810886,0.0,-0.000831187
43.7999,0.504508,-0.00741998,0.003410561210100754,0.0,-0.000831187
44.0999,0.504712,-0.00742015,0.0033514611272386094,0.0,-0.000831187
44.4999,0.505142,-0.00742051,0.004166781463926527,0.0,-0.000831187
44.7999,0.505354,-0.00742069,0.003960641395820761,0.0,-0.000831187
45.1999,0.505699,-0.00742097,0.004081861380257676,0.0,-0.000831187
45.4999,0.505926,-0.00742116,0.004013001401692604,0.0,-0.000831187
45.8999,0.50618,-0.00742138,0.003700631283900682,0.0,-0.000831187
46.2999,0.506415,-0.00742157,0.003365641197239505,0.0,-0.000831187
46.5999,0.506601,-0.00742173,0.0032581911138352226,0.0,-0.000831187
46.9999,0.506778,-0.00742188,0.0027565609768362503,0.0,-0.000831187
47.2999,0.506925,-0.007422,0.002646710944004494,0.0,-0.000831187
47.6998,0.507032,-0.00742209,0.0021101607685247354,0.0,-0.000831187
47.9998,0.507151,-0.00742219,0.002146050717701288,0.0,-0.000831187
48.3998,0.507227,-0.00742225,0.0017243005670319268,0.0,-0.000831187
48.6998,0.507328,-0.00742234,0.0016786705797741644,0.0,-0.000831187
49.0998,0.507437,-0.00742243,0.0015582105431150761,0.0,-0.000831187
49.3998,0.50744,-0.00742243,0.0010511103696251099,0.0,-0.000831187
49.7998,0.50751,-0.00742249,0.0008926213058465251,0.0,-0.000831187
50.1998,0.507618,-0.00742258,0.0010646903702027566,0.0,-0.000831187
50.4998,0.507658,-0.00742261,0.0010055103878548197,0.0,-0.000831187
50.8998,0.507655,-0.00742261,0.0005566611964149653,0.0,-0.000831187
51.1998,0.507694,-0.00742264,0.0005979001824642788,0.0,-0.000831187
51.5998,0.507764,-0.0074227,0.0006946652230061356,0.0,-0.000831187
51.8998,0.507728,-0.00742267,0.0002844520941928432,0.0,-0.000831187
52.2998,0.507828,-0.00742275,0.0006260992097004712,0.0,-0.000831187
52.5998,0.507799,-0.00742273,0.00026814006465612647,0.0,-0.000831187
52.9998,0.507867,-0.00742279,0.00043953615676951184,0.0,-0.000831187
53.3998,0.507867,-0.00742279,0.000225865076374887,0.0,-0.000831187
53.6998,0.507904,-0.00742282,0.0003590641491474218,0.0,-0.000831187
54.0997,0.50787,-0.00742279,4.759802269656594e-05,0.0,-0.000831187
54.3997,0.507936,-0.00742284,0.0003450861127000346,0.0,-0.000831187
54.7997,0.507968,-0.00742287,0.00037170510623500284,0.0,-0.000831187
55.0997,0.507939,-0.00742285,9.524364541564927e-05,0.0,-0.000831187
55.4997,0.50794,-0.00742285,2.96865e-05,0.0,-0.000831187
55.7997,0.507971,-0.00742287,0.0001908490511896968,0.0,-0.000831187
56.1997,0.507975,-0.00742288,0.00019115509114997598,0.0,-0.000831187
56.4997,0.50794,-0.00742285,4.7574322685210735e-05,0.0,-0.000831187
56.8997,0.507939,-0.00742285,7.236506134459613e-05,0.0,-0.000831187
57.1997,0.507975,-0.00742288,0.00015532906310990356,0.0,-0.000831187
57.5997,0.50794,-0.00742285,7.728511395595649e-05,0.0,-0.000831187
57.8997,0.507939,-0.00742285,8.220525119804488e-05,0.0,-0.000831187
58.2997,0.507971,-0.00742287,0.00011920903637990411,0.0,-0.000831187
58.5997,0.50794,-0.00742285,8.34549129940797e-05,0.0,-0.000831187
58.9997,0.508042,-0.00742293,0.0005185091693368757,0.0,-0.000831187
59.2997,0.50807,-0.00742296,0.0005123441712379296,0.0,-0.000831187
59.6997,0.508072,-0.00742296,0.0003699191057240285,0.0,-0.000831187
60.0997,0.508041,-0.00742293,6.547341651313914e-05,0.0,-0.000831187
60.3997,0.508071,-0.00742296,0.00021468408088469012,0.0,-0.000831187
60.7996,0.508075,-0.00742296,0.0001985020890031151,0.0,-0.000831187
61.0996,0.508042,-0.00742293,3.56629e-05,0.0,-0.000831187
61.4996,0.50804,-0.00742293,5.922561807421599e-05,0.0,-0.000831187
61.7996,0.508075,-0.00742296,0.00015414006262664715,0.0,-0.000831187
62.1996,0.508042,-0.00742293,7.148271514914679e-05,0.0,-0.000831187
62.5996,0.508042,-0.00742293,7.118396034335345e-05,0.0,-0.000831187
62.8996,0.508072,-0.00742296,0.00011918508183790831,0.0,-0.000831187
63.2996,0.508076,-0.00742296,0.00014345306840388004,0.0,-0.000831187
63.5996,0.508042,-0.00742293,7.713121392815842e-05,0.0,-0.000831187
63.9996,0.508041,-0.00742293,8.310585175890748e-05,0.0,-0.000831187
64.2996,0.508076,-0.00742296,0.00013717307122029283,0.0,-0.000831187
64.6996,0.508042,-0.00742293,8.405175234803007e-05,0.0,-0.000831187
64.9996,0.508041,-0.00742293,8.341311298758581e-05,0.0,-0.000831187
65.3996,0.508072,-0.00742296,0.0001125960380735977,0.0,-0.000831187
65.6996,0.508042,-0.00742293,8.222951280329203e-05,0.0,-0.000831187
66.0996,0.508042,-0.00742293,7.726971395314844e-05,0.0,-0.000831187
66.3996,0.508072,-0.00742296,0.00010743904047854236,0.0,-0.000831187
66.7996,0.508076,-0.00742296,0.00013917803211641215,0.0,-0.000831187
67.0995,0.508042,-0.00742293,7.726205580708276e-05,0.0,-0.000831187
67.4995,0.508041,-0.00742293,8.839054795486329e-05,0.0,-0.000831187
67.7995,0.508076,-0.00742296,0.0001360970706621072,0.0,-0.000831187
68.1995,0.508042,-0.00742293,8.334651297719663e-05,0.0,-0.000831187
68.4995,0.508041,-0.00742293,8.934444847244346e-05,0.0,-0.000831187
68.8995,0.508072,-0.00742296,0.00011319200956888053,0.0,-0.000831187
69.2995,0.508076,-0.00742296,0.0001370910316345504,0.0,-0.000831187
69.5995,0.508042,-0.00742293,8.308095174350021e-05,0.0,-0.000831187
69.9995,0.508041,-0.00742293,8.38153130501857e-05,0.0,-0.000831187
70.2995,0.508042,-0.00742293,8.32052518208843e-05,0.0,-0.000831187
70.6995,0.508042,-0.00742293,8.34966520023445e-05,0.0,-0.000831187
70.9995,0.508072,-0.00742296,0.00011305700955734883,0.0,-0.000831187
71.3995,0.508072,-0.00742296,0.00011336203833291748,0.0,-0.000831187
71.6995,0.508042,-0.00742293,7.738545589619492e-05,0.0,-0.000831187
72.0995,0.508041,-0.00742293,8.945174853058362e-05,0.0,-0.000831187
72.4995,0.508072,-0.00742296,0.00011913808180572753,0.0,-0.000831187
72.7995,0.508042,-0.00742293,8.330495188289748e-05,0.0,-0.000831187
73.1995,0.508042,-0.00742293,7.76413140202406e-05,0.0,-0.000831187
73.4995,0.508072,-0.00742296,0.00010721304039381171,0.0,-0.000831187
73.8994,0.508076,-0.00742296,0.0001376270714563818,0.0,-0.000831187
74.1994,0.508042,-0.00742293,8.346325198151681e-05,0.0,-0.000831187
74.5994,0.508041,-0.00742293,8.938021212297118e-05,0.0,-0.000831187
74.8994,0.508109,-0.00742299,0.0003377201141980633,0.0,-0.000831187
75.2994,0.508215,-0.00742308,0.0006983522631109168,0.0,-0.000831187
75.6994,0.50829,-0.00742314,0.000697374223876058,0.0,-0.000831187
75.9994,0.508388,-0.00742322,0.0010240703422711636,0.0,-0.000831187
76.3994,0.508391,-0.00742323,0.0006371962445784193,0.0,-0.000831187
76.6994,0.508481,-0.0074233,0.0009114953042019682,0.0,-0.000831187
77.0994,0.508594,-0.0074234,0.0010974903957107782,0.0,-0.000831187
77.3994,0.508615,-0.00742342,0.0008433773314163155,0.0,-0.000831187
77.7994,0.508597,-0.0074234,0.00041777612749470714,0.0,-0.000831187
78.0994,0.508619,-0.00742342,0.0003873531370965084,0.0,-0.000831187
78.4994,0.508666,-0.00742346,0.000528751208370553,0.0,-0.000831187
78.7994,0.508685,-0.00742348,0.0004354621596005466,0.0,-0.000831187
79.1994,0.508686,-0.00742348,0.00024282511020860774,0.0,-0.000831187
79.4994,0.508749,-0.00742353,0.0005244682066830441,0.0,-0.000831187
79.8994,0.50885,-0.00742362,0.0008181382607305015,0.0,-0.000831187
80.1993,0.508836,-0.0074236,0.0004815461814267538,0.0,-0.000831187
80.5993,0.508837,-0.0074236,0.00027363409866089047,0.0,-0.000831187
80.9993,0.508855,-0.00742362,0.00026283910357939957,0.0,-0.000831187
81.2993,0.508839,-0.00742361,8.969404866204409e-05,0.0,-0.000831187
81.6993,0.508839,-0.00742361,3.57628e-05,0.0,-0.000831187
81.9993,0.508857,-0.00742362,0.0001253950347100208,0.0,-0.000831187
82.2993,0.508839,-0.00742361,1.191149087639894e-05,0.0,-0.000831187
82.6993,0.508839,-0.00742361,2.3870545529380106e-05,0.0,-0.000831187
82.9993,0.508858,-0.00742362,8.327995186744089e-05,0.0,-0.000831187
83.3993,0.50886,-0.00742362,8.927314843373036e-05,0.0,-0.000831187
83.6993,0.50884,-0.00742361,4.1581925897441414e-05,0.0,-0.000831187
84.0993,0.508839,-0.00742361,4.765992272603409e-05,0.0,-0.000831187
84.3993,0.50886,-0.00742362,8.894454825544482e-05,0.0,-0.000831187
84.7993,0.50884,-0.00742361,4.773622276240531e-05,0.0,-0.000831187
85.0993,0.508839,-0.00742361,5.368182022508963e-05,0.0,-0.000831187
85.4993,0.508858,-0.00742362,7.12051603613195e-05,0.0,-0.000831187
85.7993,0.50884,-0.00742361,4.759802269656594e-05,0.0,-0.000831187
86.1993,0.50884,-0.00742361,4.765992272603409e-05,0.0,-0.000831187
86.4993,0.508858,-0.00742362,7.146136057838076e-05,0.0,-0.000831187
86.8992,0.50886,-0.00742362,8.351335201270254e-05,0.0,-0.000831187
87.2992,0.50884,-0.00742361,5.3419820126491795e-05,0.0,-0.000831187
87.5992,0.508839,-0.00742361,5.345182013848061e-05,0.0,-0.000831187
87.9992,0.50886,-0.00742362,8.385741305674448e-05,0.0,-0.000831187
88.2992,0.50884,-0.00742361,5.353718068261788e-05,0.0,-0.000831187
88.6992,0.508839,-0.00742361,5.40768e-05,0.0,-0.000831187
88.9992,0.50886,-0.00742362,8.368081302927494e-05,0.0,-0.000831187
89.3992,0.50884,-0.00742361,5.3703320233221915e-05,0.0,-0.000831187
89.6992,0.508839,-0.00742361,5.371942023930885e-05,0.0,-0.000831187
90.0992,0.508858,-0.00742362,7.21242152851353e-05,0.0,-0.000831187
90.3992,0.50884,-0.00742361,5.369798092483413e-05,0.0,-0.000831187
90.7992,0.50884,-0.00742361,4.7357e-05,0.0,-0.000831187
91.0992,0.508858,-0.00742362,6.585496643725907e-05,0.0,-0.000831187
91.4992,0.50886,-0.00742362,8.342151298890068e-05,0.0,-0.000831187
91.7992,0.50884,-0.00742361,4.749372264678836e-05,0.0,-0.000831187
92.1992,0.508839,-0.00742361,4.80925e-05,0.0,-0.000831187
92.4992,0.50886,-0.00742362,8.344651299276482e-05,0.0,-0.000831187
92.8992,0.50884,-0.00742361,5.326602006846531e-05,0.0,-0.000831187
93.2991,0.50884,-0.00742361,4.7541122669401104e-05,0.0,-0.000831187
93.5991,0.508858,-0.00742362,7.191391524057608e-05,0.0,-0.000831187
93.9991,0.50886,-0.00742362,8.41364524008586e-05,0.0,-0.000831187
94.2991,0.50884,-0.00742361,4.75127e-05,0.0,-0.000831187
94.6991,0.508858,-0.00742362,7.100721504842097e-05,0.0,-0.000831187
94.9991,0.508881,-0.00742364,0.0001948641365181347,0.0,-0.000831187
95.3991,0.50884,-0.00742361,7.761025605857929e-05,0.0,-0.000831187
95.6991,0.508858,-0.00742362,4.747482263773417e-05,0.0,-0.000831187
96.0991,0.50886,-0.00742362,7.217521529587648e-05,0.0,-0.000831187
96.3991,0.50884,-0.00742361,5.9373118119202566e-05,0.0,-0.000831187
96.7991,0.508858,-0.00742362,6.51741164376317e-05,0.0,-0.000831187
97.0991,0.508881,-0.00742364,0.00019071609094036224,0.0,-0.000831187
97.4991,0.50884,-0.00742361,7.159001517191476e-05,0.0,-0.000831187
97.8991,0.50884,-0.00742361,5.9634572795810056e-05,0.0,-0.000831187
98.1991,0.508858,-0.00742362,5.971211822270108e-05,0.0,-0.000831187
98.5991,0.50886,-0.00742362,7.736231396984044e-05,0.0,-0.000831187
98.8991,0.50884,-0.00742361,5.305001998717192e-05,0.0,-0.000831187
99.2991,0.508839,-0.00742361,5.35585e-05,0.0,-0.000831187
99.5991,0.50886,-0.00742362,8.350501300184822e-05,0.0,-0.000831187
99.999,0.50884,-0.00742361,5.361742020091549e-05,0.0,-0.000831187
100.299,0.508839,-0.00742361,5.3692520229218015e-05,0.0,-0.000831187
100.699,0.508858,-0.00742362,6.565701655944675e-05,0.0,-0.000831187
101.099,0.50886,-0.00742362,8.374805215882862e-05,0.0,-0.000831187
101.399,0.50884,-0.00742361,4.793789143397957e-05,0.0,-0.000831187
101.799,0.508839,-0.00742361,5.35585e-05,0.0,-0.000831187
102.099,0.50886,-0.00742362,8.362211302011107e-05,0.0,-0.000831187
102.499,0.50884,-0.00742361,5.325542006455966e-05,0.0,-0.000831187
102.799,0.508839,-0.00742361,5.363882020899865e-05,0.0,-0.000831187
103.199,0.508858,-0.00742362,7.1704860784984e-05,0.0,-0.000831187
103.599,0.50886,-0.00742362,8.36640130266452e-05,0.0,-0.000831187
103.899,0.50884,-0.00742361,4.775062276921073e-05,0.0,-0.000831187
104.299,0.508858,-0.00742362,7.079641500370732e-05,0.0,-0.000831187
104.599,0.50884,-0.00742361,4.7253722532323044e-05,0.0,-0.000831187
104.999,0.50884,-0.00742361,4.7531622664849026e-05,0.0,-0.000831187
105.299,0.508858,-0.00742362,7.154706065117465e-05,0.0,-0.000831187
105.699,0.508858,-0.00742362,7.150416061475499e-05,0.0,-0.000831187
106.099,0.50884,-0.00742361,4.76742e-05,0.0,-0.000831187
106.399,0.508839,-0.00742361,5.337202010838983e-05,0.0,-0.000831187
106.799,0.508858,-0.00742362,7.150411515372613e-05,0.0,-0.000831187
107.099,0.50884,-0.00742361,4.78032227943244e-05,0.0,-0.000831187
107.499,0.50884,-0.00742361,4.765992272603409e-05,0.0,-0.000831187
107.799,0.508858,-0.00742362,7.1704860784984e-05,0.0,-0.000831187
108.199,0.50886,-0.00742362,8.396711307381576e-05,0.0,-0.000831187
108.499,0.50884,-0.00742361,4.773142276010429e-05,0.0,-0.000831187
108.899,0.508839,-0.00742361,7.147556059056202e-05,0.0,-0.000831187
109.199,0.508856,-0.00742362,3.590283043524914e-05,0.0,-0.000831187
109.599,0.508881,-0.00742364,0.00018459005275668153,0.0,-0.000831187
109.999,0.50884,-0.00742361,8.27924515638053e-05,0.0,-0.000831187
110.299,0.508859,-0.00742362,3.5510730102662617e-05,0.0,-0.000831187
110.699,0.508856,-0.00742362,1.1946e-05,0.0,-0.000831187
110.999,0.50884,-0.00742361,9.535794547013114e-05,0.0,-0.000831187
111.399,0.508839,-0.00742361,0.00010753604051508689,0.0,-0.000831187
111.699,0.508881,-0.00742364,0.000173548056677645,0.0,-0.000831187
112.099,0.50884,-0.00742361,8.317201295006974e-05,0.0,-0.000831187
112.499,0.50884,-0.00742361,7.121221509182477e-05,0.0,-0.000831187
112.799,0.508858,-0.00742362,5.9640418200832184e-05,0.0,-0.000831187
113.199,0.50886,-0.00742362,7.291091545181026e-05,0.0,-0.000831187
113.499,0.50884,-0.00742361,5.358522018882842e-05,0.0,-0.000831187
113.899,0.508839,-0.00742361,5.879331794231538e-05,0.0,-0.000831187
114.299,0.508858,-0.00742362,6.57558e-05,0.0,-0.000831187
114.599,0.50884,-0.00742361,5.35585e-05,0.0,-0.000831187
114.999,0.50884,-0.00742361,5.339852011845776e-05,0.0,-0.000831187
115.299,0.508858,-0.00742362,6.57492663308259e-05,0.0,-0.000831187
115.699,0.50886,-0.00742362,8.370601303316374e-05,0.0,-0.000831187
115.999,0.50884,-0.00742361,4.7512722655794846e-05,0.0,-0.000831187
116.399,0.508839,-0.00742361,5.365492021499878e-05,0.0,-0.000831187
116.699,0.50886,-0.00742362,8.373121303710837e-05,0.0,-0.000831187
117.099,0.50884,-0.00742361,4.792332285160702e-05,0.0,-0.000831187
117.399,0.508839,-0.00742361,5.35799e-05,0.0,-0.000831187
117.799,0.508858,-0.00742362,6.59145e-05,0.0,-0.000831187
118.099,0.50884,-0.00742361,4.75838e-05,0.0,-0.000831187
118.499,0.50884,-0.00742361,4.7531622664849026e-05,0.0,-0.000831187
118.799,0.508858,-0.00742362,6.567681656439615e-05,0.0,-0.000831187
119.199,0.50886,-0.00742362,8.356351301098742e-05,0.0,-0.000831187
119.499,0.508839,-0.00742361,5.374092024744115e-05,0.0,-0.000831187
119.899,0.508858,-0.00742362,7.130451511139146e-05,0.0,-0.000831187
120.299,0.50886,-0.00742362,8.370601303316374e-05,0.0,-0.000831187
120.599,0.50884,-0.00742361,4.762182270787346e-05,0.0,-0.000831187
120.999,0.508839,-0.00742361,5.43067e-05,0.0,-0.000831187
121.299,0.50886,-0.00742362,8.395021307120159e-05,0.0,-0.000831187
121.699,0.50884,-0.00742361,5.3692520229218015e-05,0.0,-0.000831187
121.999,0.508839,-0.00742361,5.297141995758389e-05,0.0,-0.000831187
122.399,0.508858,-0.00742362,6.556511653624714e-05,0.0,-0.000831187
122.699,0.50884,-0.00742361,4.7678922735138244e-05,0.0,-0.000831187
123.099,0.50884,-0.00742361,4.75601e-05,0.0,-0.000831187
123.399,0.508858,-0.00742362,6.560451654619638e-05,0.0,-0.000831187
123.799,0.50888,-0.00742364,0.0002029400482170319,0.0,-0.000831187
124.099,0.50884,-0.00742361,5.951541816265104e-05,0.0,-0.000831187
124.499,0.50888,-0.00742364,0.00018468205278331093,0.0,-0.000831187
124.799,0.508858,-0.00742362,2.97517e-05,0.0,-0.000831187
125.199,0.508858,-0.00742362,4.776972277836485e-05,0.0,-0.000831187
125.599,0.50886,-0.00742362,7.135431512193122e-05,0.0,-0.000831187
125.899,0.50884,-0.00742361,5.96106181917233e-05,0.0,-0.000831187
126.299,0.508839,-0.00742361,5.9634572795810056e-05,0.0,-0.000831187
126.599,0.50886,-0.00742362,8.319691295394947e-05,0.0,-0.000831187
126.999,0.50888,-0.00742364,0.00020265608559984135,0.0,-0.000831187
127.299,0.508963,-0.00742371,0.000567379232146074,0.0,-0.000831187
127.699,0.508949,-0.0074237,0.0002668600643467129,0.0,-0.000831187
127.999,0.508968,-0.00742372,0.00029081213306840617,0.0,-0.000831187
128.399,0.508951,-0.0074237,8.910401208548529e-05,0.0,-0.000831187
128.699,0.508968,-0.00742372,0.00015460102791746902,0.0,-0.000831187
129.099,0.508952,-0.0074237,5.945191424612092e-06,0.0,-0.000831187
129.499,0.50897,-0.00742372,0.00010188804303654476,0.0,-0.000831187
129.799,0.508968,-0.00742372,7.746281398805059e-05,0.0,-0.000831187
130.199,0.508952,-0.0074237,3.56878e-05,0.0,-0.000831187
130.499,0.508952,-0.0074237,4.180272603503703e-05,0.0,-0.000831187
130.899,0.508952,-0.0074237,4.755532267610658e-05,0.0,-0.000831187
131.199,0.508952,-0.0074237,4.7678922735138244e-05,0.0,-0.000831187
131.599,0.508969,-0.00742372,5.863147157139187e-05,0.0,-0.000831187
131.899,0.508952,-0.0074237,4.773149104054733e-05,0.0,-0.000831187
132.299,0.508952,-0.0074237,4.16566e-05,0.0,-0.000831187
132.699,0.508969,-0.00742372,6.0444873785111214e-05,0.0,-0.000831187
132.999,0.508969,-0.00742372,5.942641813551481e-05,0.0,-0.000831187
133.399,0.508952,-0.0074237,4.7669422730586166e-05,0.0,-0.000831187
133.699,0.508952,-0.0074237,4.177342601678977e-05,0.0,-0.000831187
134.099,0.50897,-0.00742372,7.74938559745071e-05,0.0,-0.000831187
134.399,0.508951,-0.0074237,4.772672275785323e-05,0.0,-0.000831187
134.799,0.508969,-0.00742372,6.553231652804242e-05,0.0,-0.000831187
135.099,0.508971,-0.00742372,8.271861287942617e-05,0.0,-0.000831187
135.499,0.508952,-0.0074237,4.18362e-05,0.0,-0.000831187
135.899,0.508952,-0.0074237,4.166082594662776e-05,0.0,-0.000831187
136.199,0.508968,-0.00742372,5.9527318166285074e-05,0.0,-0.000831187
136.599,0.508971,-0.00742372,7.749381399363057e-05,0.0,-0.000831187
136.899,0.508952,-0.0074237,4.776499110438547e-05,0.0,-0.000831187
137.299,0.508951,-0.0074237,4.75506e-05,0.0,-0.000831187
137.599,0.508971,-0.00742372,7.66051553325296e-05,0.0,-0.000831187
137.999,0.508952,-0.0074237,4.776499110438547e-05,0.0,-0.000831187
138.299,0.508951,-0.0074237,4.75506e-05,0.0,-0.000831187
138.699,0.508968,-0.00742372,6.024321838476282e-05,0.0,-0.000831187
138.999,0.508952,-0.0074237,4.181522604287693e-05,0.0,-0.000831187
139.399,0.508971,-0.00742372,6.549311651811375e-05,0.0,-0.000831187
139.799,0.508952,-0.0074237,5.361202019887014e-05,0.0,-0.000831187
140.099,0.508951,-0.0074237,5.3692520229218015e-05,0.0,-0.000831187
140.499,0.508968,-0.00742372,5.962851819719815e-05,0.0,-0.000831187
140.799,0.508952,-0.0074237,5.360678078727637e-05,0.0,-0.000831187
141.199,0.508952,-0.0074237,4.174832600117225e-05,0.0,-0.000831187
141.499,0.508968,-0.00742372,5.9640418200832184e-05,0.0,-0.000831187
141.899,0.508971,-0.00742372,7.834795659135634e-05,0.0,-0.000831187
142.299,0.508952,-0.0074237,4.1404425787007674e-05,0.0,-0.000831187
142.6,0.508951,-0.0074237,4.78608e-05,0.0,-0.000831187
143.0,0.508968,-0.00742372,5.982001825563198e-05,0.0,-0.000831187
143.4,0.508952,-0.0074237,4.17358e-05,0.0,-0.000831187
143.7,0.508951,-0.0074237,4.765512272373306e-05,0.0,-0.000831187
144.1,0.508969,-0.00742372,5.954511817171232e-05,0.0,-0.000831187
144.4,0.508951,-0.0074237,5.296621995554999e-05,0.0,-0.000831187
144.8,0.508968,-0.00742372,5.988611827577236e-05,0.0,-0.000831187
145.1,0.508952,-0.0074237,4.775062276921073e-05,0.0,-0.000831187
145.5,0.508952,-0.0074237,4.17358e-05,0.0,-0.000831187
145.8,0.508968,-0.00742372,6.532996590781235e-05,0.0,-0.000831187
146.2,0.508971,-0.00742372,7.169771519472818e-05,0.0,-0.000831187
146.5,0.508952,-0.0074237,4.15157e-05,0.0,-0.000831187
146.9,0.508951,-0.0074237,4.765042272148201e-05,0.0,-0.000831187
147.2,0.508971,-0.00742372,7.739325590173877e-05,0.0,-0.000831187
147.6,0.508952,-0.0074237,4.17149e-05,0.0,-0.000831187
148.0,0.508951,-0.0074237,4.738052259275851e-05,0.0,-0.000831187
148.3,0.508968,-0.00742372,6.51482657243583e-05,0.0,-0.000831187
148.7,0.508971,-0.00742372,7.759471401182857e-05,0.0,-0.000831187
149.0,0.508951,-0.0074237,4.76266e-05,0.0,-0.000831187
149.4,0.508971,-0.00742372,7.144701514160844e-05,0.0,-0.000831187
149.7,0.508952,-0.0074237,4.775062276921073e-05,0.0,-0.000831187
150.1,0.508951,-0.0074237,5.3628120204957074e-05,0.0,-0.000831187
150.4,0.508971,-0.00742372,7.765691402307262e-05,0.0,-0.000831187
150.8,0.508952,-0.0074237,4.7636122714628914e-05,0.0,-0.000831187
151.1,0.508951,-0.0074237,4.7531622664849026e-05,0.0,-0.000831187
151.5,0.508968,-0.00742372,6.0115673383373174e-05,0.0,-0.000831187
151.8,0.508952,-0.0074237,4.18866e-05,0.0,-0.000831187
151.9,0.508933,-0.00742369,0.00013058207410171195,0.0,-0.000831187
